post_id,pickup_location,dropoff_location,pickup_time,available_seats,price_per_seat,additional_info
0cf21b45-6d37-4a49-a7e7-33b18557cebc,Waterloo,Toronto,"1972-08-23 10:42:15",3,1,YhTYYbqFLHIKeytWRPFCCcSJjTOKnxACrGQgzEcoADtUvnqKyyOlzdyRFsLraqYNCXqMobvGrFkcntfQAhGrqnQRizVCZGGVbcVSliZHSnZCxjCpeGaLaAZf
f738d271-0352-4922-865d-8350087199f2,Toronto,Waterloo,"2049-10-07 09:49:17",2,1,HRXVMTkkkTCDYSTsaFlCgZyIqOhAEFnfWLyzkmbXOxqSrdAehHvRaToXpoBpbcaDBWKZBPOMtnRGGVYXgmPZsqNwzgurlHeewjZjxhGMOhjROjnwXIKTpIqY
647037a8-6a13-4388-9c19-5ce9292a29f4,Waterloo,Toronto,"2067-04-26 23:29:43",3,2,GneNodhmbKvAjHGJvQIGDLWzDeKZqgfMipOQZHTpwUydrqVkvFpvvFitnDNDMBOZAMLHveRLTdHRckDRepqvnSCzQeAxZCNWaRcIILJSasKJYPBDQagRTZyk
11f60aed-00f9-4aec-84ca-f03d974055e2,Waterloo,Toronto,"1991-07-01 11:03:03",2,3,eHHYGcBynvHkkXxgFfDUUytglaLdndpDFruVuLkVVqoTnjrdMgHkDmQuhhvAKOVIVwoKIDfzmkYEglatpwBYwACXpfiOwvtKgGHkAHTDsisAapyEpAjRLaMt
4d7b9118-a7c7-4b88-9fd2-f9a1911ce03b,Waterloo,Toronto,"2049-08-13 15:35:59",2,3,ZujQXGTdvrpeQuVZWpUThTRMgPCogDmJJbOjkaVSJbxGvfxIcqOEmoorvfLEIvQoDWzaCjLkNynHCsYUyHmClrzteywvrHRpZxTdofSaBcYfImjnymAgXFjC
1e0f765c-3360-415e-b15e-a9d7f9deec12,Waterloo,Toronto,"1994-01-08 09:25:07",4,4,pUhqNOjKhckHuROpfoOYBKJGLKpxCDqCRooLtMlCYFQTDrFjiPldgMFcmpJflysKcUCMuviKYnKduyxvKwzoogvgaQwRMWYMHKZxQxjFoKAGvSPDsSwpLezH
57549f16-36a3-46d2-871b-3e53addbdb14,Waterloo,Toronto,"1983-09-29 07:57:37",4,5,NYERgIQUPbeoJbJsnPROsWRoOmEEBBcOYpxBSvgABzrcuqQgfMXaGfbSJwsljmziHSPUrFxkwclMIGucmQtcJLgPaiczWATlMIkJiyZJbGOeXdYADXMNPAmy
76674109-1eda-4de4-90e6-a81deb90a431,Toronto,Waterloo,"1983-06-13 03:22:04",4,5,HlQdjiFpLMmwBShvWXOuqNPrRKRNwArumMfkVtUDeYvPkRSZXEzIkWbsuiyGNjTIlQwIAzKnsvCbqtgXUCFRhAjtYxGjOLRQIFMyhJPjzsqyFpQiZdzbEXyL
f03506d6-fc31-401d-8b4a-4721eb75ddc3,Toronto,Waterloo,"1976-04-08 07:33:44",3,5,VGHJbRBRFOBjFBIaXbHVmaSkTGCSXithicmynYgMYvtmhneOoWBOCqEATAmgJxIYWBbSfuOPqIlOvLfBeBhHtVCKKukqgDHGZOHzKQbwBmzDDuqFpfKChDEB
50fe095e-3e35-47f6-97a2-e2f1e0c71f6e,Toronto,Waterloo,"1977-12-22 07:01:20",2,6,wBzTCivYUohdvwNGMZxwOnuzDiMGDcCzFPRmgJGUCYLrgyXenBipCGJnpZfxmoBlKMXSEdUOlUFYGSbjgsBoRRnSyuPcFJjZoKiYlWckNxkRJKNUdNoLzTbB
85c53ff7-1a53-42c5-8985-392bd0589b06,Toronto,Waterloo,"2043-02-17 15:34:25",2,6,kqHajZVHNGzJFLniXtIRowvqlTjfrSHKweeYsxDpaItGxFkhwFyqRLMNIotYAJTJNXGGJZTHxggSXhDeWqneLdKZmoDsionEvqYqixdxuBdEfyfETDCrryfo
9af286de-7a14-44f7-8a3e-916b17aa1591,Waterloo,Toronto,"2032-08-19 18:14:11",4,7,dugheFAKpxcwviBjMDcVmoSdVRhGMPuZjzEhtNUVwKWfffUDnoLErJcXvqRDzIoBaGAiJAAsyAAdJMbRIQSIwIvgadTVxJZpInsFUjUPCFxbSizmBbEmTVdN
46389a7c-e7ba-46c7-b27d-c22e620be229,Toronto,Waterloo,"2045-09-11 00:03:47",1,8,YbzoJUnEQOTeJemDdAZtJQMUIXRXffFGlhcefGtwWSprgYmRYZnvXZuPhXoigHWybmFXYItxTxHlaszuSiILFJrrsmrsIiIWVoTWhpLVmAtaDRZwfVEKJAzn
7a1bae07-927d-4567-84b0-c89f463f2e87,Waterloo,Toronto,"2009-06-15 13:04:08",2,8,vOnyVxoynXMCDxQUxnpEQegrBPsMTOapBxUVYOOcpWOXmiCYVXanhfXuhWrxebqqgaMtQWCxPAyIXTNdzWDHFTwRcynhBRbADeXQmPIahHvycDdwXwCkSkYp
a4a812b3-a018-45c1-840a-198a5ccb2148,Toronto,Waterloo,"1973-12-19 02:57:28",1,9,gZVVranlZElPLgnwraboBIGzrOePAHmzdmaZWpQcZhfxqysQopbcmAsLasHrzRGExhDtzxsEkFYHzEOFHjzMnzZzfQGNPXxbmAEIHdcYegcdPwoEkQnlBxBc
a7a6e1ab-d360-4f4a-9026-5eea0a37167a,Waterloo,Toronto,"1988-10-17 20:40:11",1,9,COScXDFCpojyDnVEAYekqQsTXNMIxJFBEfBlIXNZfEITHXpgBHNvjdAmqzjnpDEXftCzMHyfscGOPesNTMSQIbOSrIpbIbUzMAHZLKCkfGaGGFAZEGDkcUoE
e56105f9-e733-4407-9bd2-d27451725c20,Waterloo,Toronto,"2063-07-17 01:46:31",4,9,xVxwhAdBRHJDgLdzWGYeRzexHSRQxgxldnDCPsPPdUDvONHskZVaQDOghFGhxBFMFRNOKuDevAjPnTEndxxfgjzoOyoqjSROAvmEVGlOeehiyXplFALyGDxc
f86dc96d-4251-4ef2-9cf0-993f90acbbe8,Toronto,Waterloo,"2065-01-14 22:11:03",1,9,rcaXFRuwvCKUAnGZiZsQFbTKIcUCUHkmisiTxdYQuwlWEOLLBcPcCFMMyjrOGRXAkqAsbnEQHEuEwXuEovUiSGXwuiYHAOjfjXIBixrqizgMplIOQcGKqVCm
299a8fc2-919d-4a97-97b0-f96bd0de052d,Toronto,Waterloo,"2038-04-27 11:10:08",4,10,efqVDjGFnHnFaOlyJYaTGOWHyjcfGYfkQHICWWOVRxVvjXDmcyIxwbKKDfJkUGRnKVUJFgRXNFFERIeKoAMoBetzLNPvSzxTVcLptbCdaSrqWeEJrGqNmRIQ
5f96e7f4-63a2-4f4d-94dd-85a50e9e1a7b,Waterloo,Toronto,"2062-05-28 23:11:57",4,14,saiZOJJOYvpnCiFGuPoABmCWkzAsxSuZFvCTIiMBthfdlxtgrUPAifrMEZdfbYsrIbDzMMqNLULaIglpVDPYKZylWATyWzelYVWlKtwiOJeBOwjnRfJWWfAE
cb8dee4a-9ba6-4eb8-a0b7-685b7b9f9705,Toronto,Waterloo,"1989-02-27 16:05:26",4,14,GvagYlxXovPrELvehjOWiElkgudkeERNLnusueUylvpIWwWahlepqNEsNyKPxoZjTuqSMqmjEeKfyPCIsZHQmgXpDvGgyfSlgDMCWkgpSnZUEsJciHNfvXmo
36476da2-00d5-4141-a593-7a76115a4f8f,Toronto,Waterloo,"2063-07-16 18:34:46",3,15,miwyOpRKBpingmTeQHiSJdzwyQRwEQxIFEpUUtMbmekfPVQrsBTqIdFWfPGBUflXufshTAXDBhottDFMQtlRImdQVLdssSYNOeWAuWkreTCRUNtnKGxFEcWd
5bf503c9-a1fe-47e9-9430-c15e94c39921,Toronto,Waterloo,"2069-05-20 06:12:43",2,15,xEUlDwAWujPNnKFrieqVqTWkcEFYuvOOfXRRUxmjHkyNHpPuGdOxLTcxztbfWRjIbDDeGmVlQvmNWOZomSSfBjiZLQQjETnDOjfraunHHVRafDWbYLKUvFpo
57f6c9dd-7694-4763-96ae-9dea37e542b9,Toronto,Waterloo,"2005-03-12 14:53:47",4,16,PjtBHvAnFNWzgUhZVARhPKbELmFScgTyiAJJlKJWugKQsuZxpgkSjiusXSzPUzswhajrdxNRNjJvowqxOUVISFcHjhHwzfABMEVrlshxknPejNCPDbJNjIhm
a438c9e5-e331-4638-9e23-688e2c28b191,Waterloo,Toronto,"2040-06-13 02:21:14",3,16,oHmiHsXjCODNaRkrBoCSskoKzFWzWRhDuyaPooJsPAxCbqFjSSBLIQOFfXCZcQZYoNQCCaTqlFKMTZTnvFgdzrZAIbEWszSetycYjwibhSPhYsMKWDdfBODw
ef8ffb88-bb35-4db1-97af-9c046cb6565e,Waterloo,Toronto,"1996-03-15 14:43:51",4,18,hReKGgQDkzSmtYvmGkivXRSixRxnFlrpUrKLwRMKdxmkQtEWbItqHRUXsjLwtkQsQjkcAhcAiKCbCggEwarlWntBAifUHXXyQqoddeRHWdyAebofygXIioon
efa9c427-66de-4a1d-9e03-a8d56172c3ed,Toronto,Waterloo,"2047-05-27 06:14:08",2,18,ZFIgQBXVGTjYWsGxsSExrcQQpdrnuqJsFIhCgGXvuawQFOsbBdVoqhBaxpIkIyTdMlOqPxRMbDHzMObmKqELYZXAPiyBTINMJZTGQVETJmoENFcPcAgldLig
2a45a867-3af5-48d8-acef-b92f3968832c,Waterloo,Toronto,"2031-11-09 21:15:07",1,19,mbfmRoEtmPcuGKjErbRWddULUrKNKDoLJTAhNxbzOmRqHXRtgngsHLhhSRwsSCJpUjhDutbGmUycddVYhHCJbymvsNseEuPDigjWacCfkjCOvBBxXAGIECgZ
848f7442-4a21-49a5-8b8e-53f12eefe1b4,Toronto,Waterloo,"2073-08-20 00:24:53",4,19,lrBOlTxduvnGoxxwfigessnspSVQjQFRFvPHZatlYyRvlfVbMLEZiVrbgCYdeOhpoqQhrSguUdsUYYREvAsvZFgwkyJayVBBAQzWbPKJDpxGtaoIxoFNJJtT
8de0f2d1-13ee-4ebf-9ebc-73b9b0775e95,Waterloo,Toronto,"2049-10-08 13:19:14",1,22,WHThPsORdTdCyMxDNbsecbtznlGsRqSGeqRTVbriYRgHvOsmdHmXBcHxsyJGGJCvRNuNTHIuzxibJvrxXUFxLKDYfBqzriNDyleIFEZLXCleSLkvzkSTnpap
b34a21a4-b265-42d4-a2c6-8059658196d5,Waterloo,Toronto,"2028-06-25 07:28:35",3,22,dJZgEXbCzpzErwLCdLKYJVNHhwuPETzGaOHgJybInOHAhGCLAUTBFMhGspKgOXPqInhYrPrDjGDcmxMujJtcigZSkvTNdQQOVxQyFNaIGPMmqbNvkpodKiyl
46f7910a-9284-4465-b1a7-4ec9a92d614c,Waterloo,Toronto,"1985-10-04 21:17:34",2,23,PMuJciBtsjsMdQHnbAQsLvJBjblZrHzElemYePCUKzbmiqYKvRpuMqBGUvmdCHQUZxxOaWPkeCYaVdcYdHmnNTaVGWVdMyqieMeqORVprEhLynucfZsMgZhl
b335066a-89b0-49a6-b74a-1616430bec4b,Waterloo,Toronto,"2070-11-24 14:03:02",1,24,aBtLiOfPrZRxpmASBfEWZULxwsbuOlasXTIysuWHCPigojgWPAfqTZNLQjpZVWPMjXHApXcuraQzlGGtLtGcdLnLApHNlAnrCdxmmxNXULIfwkappEjJnKyq
b3941052-8785-4b27-b51b-fea32f00bbca,Toronto,Waterloo,"2017-06-28 09:14:05",3,25,XefNoIDjkNsiWelOxdcExwimtKKcrBTyIRczCXNhJqnFWCHhGJNIWntDaTJEjuzWOVcwazQYslJboDQduubpgPEFyvNcFyKOycjgbkMkHYhvjNFIaWrQGBHm
860a29c3-82c7-4f06-9198-6996868abd14,Toronto,Waterloo,"1985-09-10 07:31:56",2,26,hRfjqBaKPlZxPrpPbDyhTFDijQFDvBDTmlCKtOdugoCsmUvtWlaIerIETrjNdJhnIJcftwPSIBsoIUYsCoWFuHsuknkeqsZBswZTbEFVrOYsQJeeSfdypWQD
f6f4239a-e8b9-4e44-a012-112ef85475d0,Toronto,Waterloo,"2007-06-11 23:27:41",3,27,KcphqdIMAVbOvsRowbtBFRNgogfvwLeIztXVPtImWTbCMARGblbeuYTgEzLaxQuzBnEbiFfxvqrAIYSfxtrGDXDpXiUqmZJFbLUieXqHHBdPLMTRccIxEPZP
7e5fe004-73ad-4306-abb4-991ce9991483,Toronto,Waterloo,"2054-05-19 02:24:14",2,28,UbuZZdhdaJGOUBhamRdPgHvvcFhrkKToXJicesipivdtbWhgPDdgoPboHbDpMmvIxsngSoyaBVQolgowyZMoaGNfBnzTkDsblaflcWdlVcadwlZETgvjNybo
86fa373e-9318-4356-a2ef-b4e62846ec35,Waterloo,Toronto,"2015-07-28 21:30:37",1,28,InoSbEZdtSKcsWiALLFuUDAmWaKaEgNXPPepQrHxIebhnRJpBHlvRfRWuXTFxVqTcdubsZDwqcGPEBzrAiKgdsbfqlNrwFcQYAFHiIzcGWYHPdEfPiRESVjm
29dba2e4-dee4-48b9-861f-249ca9acd7af,Waterloo,Toronto,"2008-03-05 20:28:45",1,30,NlykZqRRKeRSzFHzLEgkgJMeCbnrIJWEBFLNPzXlzarvDKUaZqmHcTvDSpbzSUWSHYPnBVPDVsGcgrRKIdxlYteAaZlylrHTilsHJOoKxSMQMljANrLdqrXz
58b122ba-2f25-407b-ba5b-01ce7f67eb8e,Toronto,Waterloo,"2037-03-01 22:19:44",3,30,QrkzLTeQeDZWXOMkiQnrmPhjuTOlOmbVMDumYHeFLKCfAWhqSMXVcyNkGmIIyUrwoWMzxIjTLrZPBChByemmSbdzUgELMHUoUpAJfwJrraQhiCuLnpqUvSvg
51a15075-d92c-4f33-8e1b-c6b9ddf90cc9,Toronto,Waterloo,"1995-09-30 15:56:45",2,31,snWkKYmaTHwRaktNXroyyhxEfJLOVkWhumohrHtbtJmzjsdBtjmPsKBAWhbGPpWMzMxPAJCqXsozyyqpfXjqBAIAtmsRUENhAsIJbUSImLNbuOPOiizMhCzs
bb43e4e8-cb6c-496c-8ec1-757e3c9a1fa9,Waterloo,Toronto,"2063-09-08 14:23:20",1,31,SaJepwBnXrOmMHShrlQVswyLdQMGbNzLJgSkPuOBHGiMULYCwmIMaXmOrZIlkxqRjbXJuXcFepvrBBQuZoHxIbvHnbOydlgoMsLMEsFXfkbEALYbUvfoyQsC
d035842f-49df-4a93-96ba-7306826b901b,Toronto,Waterloo,"2051-01-30 09:24:21",3,32,TlSpKOwPMZnAqGaAAJvCoyCQcIMJulkfBwDPdSxvoaXRNUEwobWcneDXHxKWdkpqeeALxJdxJUhBKvNjEtJoSHBYZcNeHxxGMsOIRHlwJBYFTXBxEVWNXvBv
2c818dbf-7457-48d9-8966-8a2663a8b1d5,Toronto,Waterloo,"2066-06-13 21:13:55",2,35,FjgOJvkFpFaBVxkFRCwUjHZKALZmtSjpSVsJdAQizidPHFeCxjLYeyBPeuqLKkjpKLicyeIrfEjEPuDQEGLHjQDgrPxpNZYBqGarvaERhlyUiGVwsegicScp
2e33b040-e660-4f1b-8663-7514e22b4af3,Toronto,Waterloo,"1975-08-20 10:26:22",2,35,bTpdXexYTTXyikrWyLEwUUyzzJRyxrnQObaUsOZunfoZbmuBYMiffDzekfkvdpjjjSiTcelczwMxzCJCxDGQDFLeiWjIclOLWWtPDgIAVrZTdHeRDuxOCjWv
563674ed-5b25-497b-bd71-9843889fd64d,Waterloo,Toronto,"2003-03-07 19:29:42",1,36,lSaGizeQqfMifsCnkFzWlwsARkvQzvOcZVRUaQKXvWFxVTkYgXyogzuUchEIlfINFtcFZxYXDlQntAbKVZLLOxRMgilejxUBDvpoLHMyNEtsltSpdGKvMIbo
f6feae81-f92e-4914-8fb0-ae0044ff2fad,Toronto,Waterloo,"1984-08-04 18:49:31",3,38,YvDzWmamYMcluvISCbCWwXIZuMtrNXLyhRLspwkWxYJDFeYCChjMbxhHfVTPGOVHuiHYzHpHazNXKRWQZlOuBwhZEuewVcUkDLetxkETPHChFWTXQOWdCGuA
fe9c7b06-83e4-4a9c-88d6-1d529d7b3ddd,Toronto,Waterloo,"2032-04-12 10:03:28",4,40,oYbyTWOzKQLEZRJtwNxaBDgxsTZdofkMQmslpdcklvWkYGgEneQgMooXJIsDIAGJsTEULSjrVMbtzTbIbUWTCILgFLTJzgQCluejNcqDWwpEVcczuVCnQsiz
026ba38d-0ddb-4c85-834d-4f192baa5d1e,Waterloo,Toronto,"2058-12-28 06:12:09",1,43,iIWiURkeLudmMEyBGNsRrydTOHbjqvrCRMLuwjUgOyecIwHTIkyJzGpIrBoaJEzfprKXpDaGVyLlAmGyCyFCZZMoAsisrwTCVDbIwbnNOJFkwpSUQzqiSpPs
92c6a107-8425-4823-9ea7-2e63c1ff6187,Toronto,Waterloo,"2009-05-04 08:48:44",1,43,xWYumabCIBvyDxKYBMSPvwHBhRojWxnyaVkyvAEjCbfrXfKWTUjDzjUBkFKjQAdfyCnCdgiimaJEsbFgMQeBiFyYjrwIrmnnCPKlwgNXcBPasmCMajDhJakm
bc4543f3-5021-4162-becb-87177412287f,Waterloo,Toronto,"1978-02-05 02:48:06",4,44,kggcDdqkTzcTwaRKInMPAoZQgTdXeZlUIyGRfpXMJLMAfsYSRvbycHYEUgMsYqbsVniujTQsuWMuQbVPCuphgULyCqznjBDzTPwQMdpQddBCkRPXONNcilWZ
1befb613-f7c5-4902-8a21-9f446c8e75cd,Toronto,Waterloo,"2055-12-09 12:18:03",4,45,GrhmzKGCQCfqNIcwLeyFPSrxLktZnDbsihTOiEoSOzkkkkOlYgDhNXGJbyQkKrVEPoOLsdzIpZOAjEjLNhYGIDNagabBzJWdonpovGNvZAyoQWLgdHOyAegH
3ebaafdb-3a6a-495e-ba40-5016477b6621,Toronto,Waterloo,"2016-06-14 01:11:35",4,45,NoyCWIJsxjIgfBcIsudRmMhEHwqrdUpRmOaBgTLGIBlGmJdXVBccyLlwZnsncfkzHyYDaawukCnFPpwTZqCxycyYjVZrjFnOHnNhkcYpIhimtToshOcRoSwk
d6a8d321-619f-41ad-8ba0-735204ebe764,Waterloo,Toronto,"2040-08-16 03:32:44",1,46,QSdVMSrvqAqVkrWnXEETTIzzqSDJkBRrLNiEOnLDAnZJYigqQXExPztlYeyoorJTCWFfpKpeyfvlNGRAyEufjPcuxDgvLUlGQUBJjoyehNGcIUvQQyPVuJIS
27f35070-23dc-4f2a-89f0-c1f1718f00d2,Waterloo,Toronto,"1992-10-11 10:17:36",2,47,nidsTZiNrugNzbMQhbvniEJWCkVceovVKnSwfhhmKJOYXVpcFwrcixahmHgAcSyGRUYjgFprcBRknJiKSEuGsluxKLeINCGSSkBLkpolOWJqDQhrEBMJYpTT
7a4e177e-9993-4a4a-83db-36a0a6998f2b,Waterloo,Toronto,"2068-01-05 09:53:43",4,47,nuUHSsSfmuyYksVJPpfogMlljfRKlyCoNcEoAYDzzGVssrSQpIlezLbvbtDiFoZRyJmfjhbdUGTYKVfPNjOroiAzFFCyKDWtxWimpLtfaWfZvHHIvUYAMbng
551b2105-6285-4dbd-8767-83d997c31e24,Toronto,Waterloo,"2049-05-02 14:41:48",1,48,diNcjXddfrDqmezMUSqeRVwYAHIeXXpLtFLbKhQDluwRWgAcuQrLRfHlFDSsxbdwTWdDzBOYEzZIrPdNqzilLngAGPuctdxlXQtegDWtWjJDejTecCpIopZS
baf6cdd0-310c-4e2a-942c-ddba2356261b,Toronto,Waterloo,"2020-04-10 21:07:15",2,48,VJYxDrwvOrBzHhGsYxMWyubBQcwIoevwrCTkqyDQtAAeAiBsHBsUvLCJfuoEvOjciDatEmDXyTgOdmsNpifDYxxJyMzgtBQjPGAaRenZXuFekvnrJSJbHMdl
069c7cf1-65d3-4d48-9a4a-60f25f1e19aa,Toronto,Waterloo,"1972-09-13 03:39:09",4,49,NCGhLWVgAfAJRLBnQsAaGmANXdMPfHBwOBbRcgnctKIRflXdizaEgCSCyNQboACSGsRRyXYlQqdLnjcQchhZtxqnlYeEESYvAtwTNRuNrAyBzwNRjvEuyQWB
2dd3a228-855b-46e6-91a5-7e70d7b569e1,Waterloo,Toronto,"1990-03-17 08:34:37",4,50,OiACvffDjRQFwClvDzkQrgmhxznPDEdpzuNDSbeNiIsvnlGFyNoUkcKBPWSmDQVPvlynYJLaMQxyPzBIzjKwhYqDKCopZQrePLEPmgvOrTAuTPlyYwcfIRaC
ae2e3740-ee3d-4901-81f8-5ce7c2d3b409,Waterloo,Toronto,"1986-05-27 14:51:39",1,50,gijmPesmUmlXmCnJvezeyQCXMdTZusibXRpqIxFikyKHRfnQSoMMEAZojXSGFHLFveogtLZPdLGLIvOIxVdStNerNCltrxRDwiWizDprsydlaBshVFKYuyei
3092307f-a71a-489c-b743-5aa88403c715,Toronto,Waterloo,"2021-05-30 10:17:32",3,52,SokHQUqxpNVwPkUZbNcsdJgPssRyPykeVSONjQJGGcxsvRsMZTQFujRGAgkZhnsFJRPjspvouCyJEJhpFnqanbtYcNGYMGaeDIPwwYRLPiFgzzkJLiBGcllR
53cc167d-feb9-4074-a18d-6020aeb2eb31,Waterloo,Toronto,"2009-12-09 10:26:44",4,53,CIjjfVPplQBSCmhHDxliyVicKoTPdSFSVLhIJuIRXPsUSiTJFOWfhmKkntGJIIrJzTenlaHACNIQSCyBTYLHrWNxAkdoHPBHkamaJNopTAHcWfFjDZmYnORA
a09732fc-dc39-4664-b846-e155af8676f9,Waterloo,Toronto,"1984-12-20 11:18:30",4,53,GwpqWUaxgyjDMinCfuEXgmHJEXUjFnjNoyUxtYeidmZAxylRdTATBlYMnLwnNdxjChNsCHxGseBuCkaRduZJzRNNNCWikKdrLirusbAYkbqqtootRWIPWDBJ
7ebaa354-eac5-4ac2-b066-2e355822811a,Toronto,Waterloo,"2027-01-13 20:27:57",1,54,dUylLqzGFONhLNdpOGIgWGJyMfNssbWMnYwMriFxwcezjPwCdZUOqmEWLzMqqhtlSguostFziDClpPVoTHPpqXGfBiugRwcFONcGpkkTbZChSEwXWtvlkGBS
06e693fa-93e7-4dbb-bccd-ac9c352234a1,Waterloo,Toronto,"2005-09-28 23:34:10",4,55,YyIgFpYIjEyZXQsvPLArjXZbaeCYXriwKgrSCPNKWwRybjCXRcTWLoDUkPzvVcEwTcmeoNDJVNAlSvKoEIYLDnaQeqFtlkSnhYjcdQoLOSrhjqwwvXBieKea
c0dfa82a-d5c3-481c-87b8-84f5fb14f996,Toronto,Waterloo,"2042-12-27 13:17:28",4,55,HeHgQaKABQNgXPFLZvgbELZfYhBHzswrLwnlWUwkNkuOIoiXgRPJuWDtjfpQQUABZKZOOvupIoksbmKMXvxnHSpRuPmjFzWzOsdrxeIktPPJgkkngteZutuO
23aaa43a-24a4-43e3-a7eb-fb93ad63d4a4,Waterloo,Toronto,"2063-03-06 01:32:40",3,56,fOKUvxoeKMiQeiDMgksDqEfgmdsfVquGWJCxvEXsbVKBhoTXBbSynTgJfhXkVJEWNFcfTaqeBItOJpZxJFyhliSRGFejTrZbzlrEplUZxdoZQnhcntkHBMWn
5677a2a1-636f-451e-87ce-dfcd33c17e99,Toronto,Waterloo,"2016-09-19 22:30:36",1,56,PcDMMicEtUyzCBqTanYbbTjmHYTFeOyUSPWyYonpdTqxhmyUFTGtiIsEzOmaaQcnDbyFjaWhILsRaCYZDzsJwJciCnbzSQgDmbFILAwyDeAqMoWbDSZyFXet
d169f5f3-61fa-416c-a91c-2ddf6dc9d0dd,Toronto,Waterloo,"1990-04-19 14:02:45",2,56,ODmFmREyTGtpMBnEcBgKEtKkieclWTbHbCqrJWLgVWXdVNUaCgicqkIJYIcVBdzEaUPyqdjLcZQpEtKBYIPiyybuJcxgcFplzxwLRDyTFWbKIkfgcbMYpRYa
d3a6bb2d-69a1-4062-8927-430d957db94e,Toronto,Waterloo,"2047-10-03 05:08:58",3,56,NhOtlJiPktNzbQTtBFqtQLFfPEvfiwRrpEmhMVulOdiiRhmsjWyODAfAiComeqLWGbdxYBeazRKfjawYCCTVnWQguBXstFaXzxjkoIeVCqaLcSQvrXpFDTcM
6a16ba1c-d4aa-4bfe-91a7-435b8b3aec8c,Waterloo,Toronto,"2064-04-05 19:29:16",3,57,cGXRqsimgDueBdQSOmWPuAGWATIoDAyzxpMpdQQqGOymMaNCVXlaAojRAjNgbpImOvTxaXnkOoZQFcSwwCexTKEOJNQJumFEPrAYObxkRrJaMYJOrTVSoPlr
7b3d1246-c305-4318-b7a1-641f7931639d,Waterloo,Toronto,"1979-08-05 07:29:09",1,58,XWZdOLgBXwWVSSYsXkYdZRQUfZCMwlElnZEJkUDdgEMuOsVEKesTSGPcaGefKXDzUtGnTOozvjKMQdwiYqZTIZGPLTWhUyarMofKmpMAJqhHOccGxllTymFC
c91e25a3-428c-4130-adb6-917ba015276d,Waterloo,Toronto,"2015-05-21 06:15:51",4,58,uFkrwXDfddjxlPmIrVjPxUbSyCcjWfqsYzZKqnvktgsIiPGBhUTNcxnBeedmsDYLBfcBGFdgSZvtyQJublVpQCBoTZmAXcixbcZwPfFvCosvCZcBmYeJexkH
cc2cef21-b8f1-4a07-ae20-403604fba1b2,Toronto,Waterloo,"2041-07-25 02:03:01",1,58,tnmzEnrGrfDevMTRJTedcjzSTCFFJonwVVqSgpdwLXcxSKaBnCcHfPGViNKBGeUyquSCIjsNcEzvsmXYYUHrHljJpJoiVePaQmfndCASQVbpsBOOzaXwGAmp
296f0724-d0d8-4a36-bda8-ad8346914e4f,Waterloo,Toronto,"2070-03-06 08:05:03",3,60,nqCjfjzKEstfJYLyFJQpXYZvWLChZBjRdOQvAVckRgimfIxOeWgbHEltWAFyWxICrZpXzsyicUCnfXimERkdfuFoDxzOYbFVVyMuoKgIwjWhpwoTkejLoCmZ
6da892f8-f7b4-4fc4-b1f2-fa5c148334a6,Waterloo,Toronto,"2016-08-22 05:43:43",2,62,lDSIJiTFnKgRxqVEIZRuYTgmyzhvMhKjokbBnShDzyYSaExeWGsrmJwKVjCvwpaxibVocREKUFzwQHHtPfNygtJFMiAsTKteSsplOqtSHwGaKjFlHPpVOdPh
d9c5c7c1-d54e-46eb-9886-10ba10dd9285,Waterloo,Toronto,"2024-08-01 04:14:26",3,62,gslgVJSYJjAOOvqhfrlGJauHikICgHFQLOewEVhwpantVxgbqTpIXXQrxZedWdXuwjNFuAseoiCAMQNkCyqoCnREZbenXadwnhcPXQldrtVZqCAvoDmrPjVo
a2ac0b7f-5fdd-4514-b30d-7e4de8389353,Waterloo,Toronto,"2062-09-11 03:17:14",3,63,jaLmCXpvtciNhKHYMmmQVFLrxieFsKbhwnyxySMNCgDwfYmuxvHjzkyZyxNttxEydzQWMITsVMtqgWbWRTUuUKHeYfWYVJMWSAfbQfwdUSzHOISfhsPxzSCK
ac1a314a-90b7-4c3e-9a64-bef4d8a17972,Toronto,Waterloo,"2072-11-15 04:02:07",4,63,iNZwHszQSWgfiyvJWeZPbACpUwRwtJmwKQzPzCkQRnNSpHTByOTnluuhBKUpBsiXVekEOxNimAxXpqNozqjsuRrjSyRFeFXSPawCKBtxlrFqQwnjLxYeNVsA
cf360ef6-371e-4a1f-8322-b09d88b1379a,Toronto,Waterloo,"2019-08-15 05:27:34",1,63,XkKjkBBSIfdzMmjNKhefULKoFBKmLEeIenWYkpiWfVvBHLbEaWRIRWCkktfLtxkDRAkDjPHQjwYQkWaMyPaYGVbOiIKFxPqKTaKWPkBJDzlxUciPIQoAluNu
26944521-8098-4edd-94ff-f44af9837372,Waterloo,Toronto,"1990-11-10 21:29:01",3,64,qVZAwFJWWjhFcAjvuXEtvlbnVlPyQymrHQFNOplXbaTyGyvFWDhxWlXNENFOdGybTnUoiRFQprvOwszcxugXWaNCnoeqslQJShcVbTlqojsYHabbibWzQJMj
a3f54ff1-75cc-4283-9520-95bb68dbe5d6,Waterloo,Toronto,"2012-09-14 17:34:43",2,64,chSqThOITokpipbmhpFXEffDNdBMEyxNvPrWpvpPBnQabsrCzhJakisbZpMMBSiqlRSEQTnclxffYkRzPOlepjHXMiYpzuYlxOhQyifMxlbglMhfugJEFStn
b6eae3f3-a675-4b5c-9b10-65c6ec630a1a,Waterloo,Toronto,"1997-10-02 10:59:49",1,65,wOmkilpXGKLPQgtCMsOFRzSMhqsNduGRYWkPbVuLHEblBMnqwMSEnFqSxIriJzaQLJCUYxLTxWJoChHbGPOGwBnChdcjpKFKaudhsgkVwfXgKMWcJmXPPMfb
3cf67593-c284-42a8-b125-5d2a0ee19dc0,Toronto,Waterloo,"2054-11-15 01:04:18",1,66,PhJMGDRtNJfmYBdPzfNLIXWONtyGSzbNPyjuSKYkrPPpAjDPLDQbXkihTbxrcrDLuiPdtUbwSgDrtKachsehkMtDorszfqeoWIzXGaSpuemYVReMRuBGJPNB
9e6fdd44-6944-442a-b07d-3df2a6473d3b,Toronto,Waterloo,"2039-10-31 00:10:50",1,66,WSxtAIsrcrZuQXQszpneLqNTAAKytLGlKFQjrIjJiDRRZsvnAZWLdAiBqpiomtCskJYOLdXvTotyREMpnUhCTDVcLdzMZpRloYZOrUeVoCVTtmNQohSxhwYY
64d3049d-c7d4-462b-a989-989c16d213ca,Toronto,Waterloo,"2040-09-07 13:38:59",2,67,nuZSUiZyFQhXqrWqRYIOGeOaSjDqhQPqkgeDsoiaNquDrrzxHipnUARGUGSIOjjPDsDbTkvPBsNUybYCQQgVkLkKCTQveZNUdXodjBUVUSRuuqyXVQqfaWjc
3ecce98c-4a0a-47d5-a64e-96559e67c467,Toronto,Waterloo,"1998-06-20 02:21:55",1,69,aWDRHuieQxQVfAVUbMIAQDicyCjokvBMwDRAIQOkRXxrlycNkbyBleARuqeiQaPzBBjdulGOanMFChQiCvyTmORQNGjNOlfyCTGOTTNiIYPsGTvfgxJYLcvr
554b84c7-f362-4925-9884-f030bec08428,Toronto,Waterloo,"1996-08-07 20:17:01",4,69,PJIxlIhkdKsQxPJVPTxipUlEjYwnSoEeosbMxamLLcmGcPvrBbcttwXHDznAniKdnMOMNQAOYNplBITWnRTrAkOvJHSDDCkPUrNgnfQoqvYQieSRrGqHAKMP
2c82ebb3-8eb4-4af4-bb1a-8e0a594e1113,Toronto,Waterloo,"2048-02-14 17:14:12",3,70,CiSWxLDkaUcgXMNJtqnGZIXOUBZSPtJKexqXMAvlhxnUdSJOxKEbWnVUdHaOxuLcTYlYfGvhimYWkswzhCPezjknpgZFGZkhKNwQiUCNPtONJaaKYimoTIrB
c2d264d5-82dd-455f-920b-8a8d5350f31d,Waterloo,Toronto,"2025-08-07 15:24:18",4,70,DBQsqJlzRmEjIMTrEhVkvFPMmTSXAAvzfJiCQcGhxoPzMicfzGVqbIDxevDMkVeslelWnYXqxHhPkZJiEFovJiSmGPPQfLvfbDErwlVnEvZqAWworWIxkfnx
3e762a6b-c78f-4d71-a0da-05d9825bacde,Waterloo,Toronto,"2071-12-14 04:36:19",3,71,tDQyfdthwCLBMNrWhRsILEpwKKMjZUZOQMPIFEIyLpdLcMSuwaKnwqDNqdXPdtlVglLOvqfUAxgvufGXnmOZeGgBahPvGAWxbmnLXOOxorMUKoSKxyDvOejj
5b41a305-b334-4c3d-a111-c11aac24f7b6,Waterloo,Toronto,"2009-04-25 22:17:01",2,71,omvUAefaIQAUPgSSwiVtrlwcztrRQcSdqUFcafwLeqIFZabxZViJhhrVQcjYAWHuthfrOmqmzybGxEpZcvVMnStPOQMhJPFDViHKGVirkcKTJXSvwCIrrqUD
8d02a311-3a5a-4d18-9123-d6fd0017ba4a,Toronto,Waterloo,"1971-03-24 07:12:55",3,71,UncOavxdCeGNXzLdFjqXKvEvpftbqrhWgmOcMbwfzJFizNnlCvGUajhepLoIUeQvMhonNwcKDMuwPIRnAZJTfZnXnSdelIpcHAqjjPXimWzWJYJWlthHIjOS
8e45f3c1-5391-435a-b097-34f617c30de6,Waterloo,Toronto,"2043-03-12 04:52:08",4,71,TZpaSPsDytLMCdfmaOAbaVLWssiXJLquvLKRciicyqIOjkNXwgAjPjhpHFKuUpUbZWiSnLCitNyQjLKyOdBQZsmrUctNdhETrnNgtBDtMBLwtoNKeuQfDKyW
c5041ead-3952-4830-ab36-9be20c0f8ca9,Waterloo,Toronto,"2058-01-12 09:21:40",4,71,lJkaAPuYScKgHNQdUEkLRLicydyWHlFQjGDwsQDmxRARPtBMhgvEXVjcnVOzNEXKEqbTsoasXlESEotajLoFYDRTeYqJNhJcrKlgtXDSOaEauokQLpnfeMTj
dafc8811-32b6-457a-b57c-f440e8eac13a,Waterloo,Toronto,"2063-04-13 14:12:16",3,72,kXpIyNqjQGJdUCrqjlZiPdrSzlHeNGlvvmmprusxnoEoezQPicoujoVmknhQrXsAXSEJGrTkXlAcbMGQDkHJuPOssYhbYCJUCvguBrszsROsGQwNWFloIYra
cbe32a0f-4d79-4f73-b823-4514e15887f2,Waterloo,Toronto,"2060-01-22 23:01:26",2,73,derJouMnXkkxuswqCSgkuYwBlaUgaWXMcpMNiMXbKOGgCZvxztkzYwXfUMZQnrPyCiKhYCHjwYdWrhyBikMGalKipDpWzNMMBdLjaFtnPtWENvjlrCRlFEeS
9b9a3335-f5b5-4f81-b24c-59a0d0d29caa,Toronto,Waterloo,"1996-10-31 03:28:10",1,74,OcNsgTiodRSOJqzRnXbljlXwFsJtjzoDcEvrWwUUjbjMEIqZBwtyAbLSNSQVQfcHKnabHUrVCQIssLSKyENjBlutOXJpoShwchAoaMNETLPIxVsYPoQOIkxC
b15f1d06-13f0-43e9-af18-d3c3100067a5,Waterloo,Toronto,"2042-04-22 18:56:21",3,74,PTtMWXmKBkvBMNoxwCAHULCAFBuoWFTFDVTsLMIhPPEfXJKiqwdzvGCjZzikJxRONtnyZCCiXLjHtgJvAxwLXkfUDbMjrGrLCUtmirDxWvFodqeaaIfIjeot
f45e213d-cebf-4191-8a67-34f6b55d04ae,Toronto,Waterloo,"1990-11-20 02:17:09",3,74,XowkpULIMgRHwGABQxqVnMCBlIPVzsEbmMiIYPyvJTwnqaVZafodfzaHLRDDkYMyvlzjChryydOZenjViCZzeiTCRbxIhNjbtpnbVVkmBYUxtaGyKXTKQWxQ
d6ef83ca-3fb6-416a-93a7-bde9f28f285e,Waterloo,Toronto,"2010-03-09 15:37:48",1,75,pdiISTUASdfkRTYpWhyYayFfWEIBofuRbREPEqoaxeudXBbiOWBmyDcwdTNSzZynCsemsqoUdkWPdYnISOLVeQzqjIqLvwoqilYMgiXMvrJGTXmpKQiNbvqy
27dc1055-8db3-4bd5-82c1-297e1902ab12,Toronto,Waterloo,"2046-10-11 13:26:04",1,78,WAxibqZvnJJGjfkoeJKWwXibLlYTEBADkyZCavEhzNfVzFAbqiSRzfWfVfkKCxHjYJtTkzNRUdQWnuynrqWqdITiNUtbeGWoclfBwsErDcsQrMXvBcYrNDVG
63c0c5b7-58b8-4745-bf1d-b2dc16fdbda9,Waterloo,Toronto,"2051-06-28 21:30:10",1,78,EHjmJljzuTcgrgfrrbJPrUzrJDFNxpAQrumUSKIZCVdgqZHvHOiEpdcDQczVRgvrPlpTZeZiNSfVTxvvbOQBTNJCSphxsdaXULbKMYRVeYTrFOxpHQMPHgjr
7f1b0324-68af-4334-9f48-2d4f10334e24,Toronto,Waterloo,"1982-02-06 22:20:49",3,78,jYjvcyMzSQnYTEpYxxJYTJpstqjsBAnTypWbKVDkczeTDwKIJArSjfsIXfrHGfFoSwNQGkdPPCZtJuzxrLSSpAttjXTAhIrZLvdzfPXgWlNlhzOGuCRqYmtE
c5bf15ef-63d1-44e8-b6c6-fa7607babd6b,Waterloo,Toronto,"1997-03-01 06:42:44",1,79,BSAwIJrRrALRMQplZmrDDimeCQNLwnrKCkddeAqVEOpcMDrMNSUrEtYqDGyUXmBclTKdsMkmSMFotkmedsjKQfoLnVkKgkmlMTOQnlSURxBGYwAOBLifQlZy
b90f8b2f-78b7-483a-adfa-3ac4a18e5c26,Waterloo,Toronto,"2054-04-13 17:48:05",1,80,QljtQpVbCoKmLGuQIsfdEekjnuVrQrmAbBhfyqfjyVwmhPCVNQMKaDexEPIoSgdoOtZnacWDOLtDrZdbhIZjkEqmIKFXxFNRmCAcqCDLSPrpOwpEOYRzBPch
d943c9b7-dc6a-4d93-a465-fd6ae611645a,Toronto,Waterloo,"1972-11-26 10:48:37",3,80,pzZfCSPFcWkQmgXkPBcaNPBMJTDQzvPTINhXoVkiXYPPfPbvkgkWNidmYpqhtCgkxyZnXEMgBHrTrPFBiqIJKJeBBnfgHsXOmPhxHiQTytYWmZwjLfwqNDDY
e16c9ecf-85a3-4a9c-8f0a-e307d45d61e8,Toronto,Waterloo,"2002-10-18 20:53:29",4,80,uqfDVulswdPsrqMLBDIsPtYXCfiuXgiJfBXdhumzGjYunVcAHCzcssLLixmmGmjdYpiXTqLOxBfQnEMxzSNrsHqTfuyTLPtfolIBJAxUyfPQTfXGaEDIcUbh
98c424d3-d8a1-4fae-8db5-287317c41c77,Waterloo,Toronto,"2072-11-30 20:50:52",1,81,QadaeTHECawRBvjHpGDkmLdkQakBGWSNNHHLezOGJSvVExTkHFVVOixYhzQCKkidkiOPBcAweVOnobRxFGUAjoTxNSUOodjlYbpaMiIyIqyYndymJlMUrTOj
efad0600-be5e-4e45-9587-a3e50ae1abbd,Waterloo,Toronto,"2028-03-05 22:48:27",1,81,CVBMjjBsYXAoTnzHdNzZkkVhRSduFOaniFmKtwpYJcplxgCcbhcGIZaXDxEVKTeJJzJBBaHgLwlioJrRKyQBMxwItLhgaOCsYmaDhzrcGwApPZJcFajYWssW
11f66ed0-0e0b-4c79-a204-afd0a01dbd3a,Waterloo,Toronto,"2008-02-15 13:51:39",4,84,BqAUoBFsuQYEVineaJSGZdYtlVWJFQUNoVvikVIwMVAiLKLGOnJuLWxJICZJYbfciEMpVXkvRaWBgfefGAaNBqbkyqHtjAIWwQBYDxFQsSPcHtlHjCFwvTil
1d7b22dd-fdc3-459d-b259-1737a55ac7e4,Toronto,Waterloo,"2025-01-13 23:22:15",4,85,XsKrzcmipDtLhBZyewsUupKRWzKbOLuquHHWzUVXhaxNTKocjYyKYDbgraGcUTWSfAOuzKIezqjDmkgxFkHAtXovqrUpMTqXgyusMlkJLlHPdogtGDTVYjWb
32cb12cc-f879-4e80-8263-4c548920fc85,Toronto,Waterloo,"2014-08-10 06:18:52",2,86,bdRZwaBedPeRYZkIUIfFBXLcFKApfpQLSBAcWZEnkioeLpmrJBdasCPZfVOeYKaTPUtzbfQidVQdXyEacPJqnQInGGhBhlVKyUxXmbYEjCiGaGkoSSQvHEOg
02bfec72-58cf-4c87-9566-e55b8abdd531,Waterloo,Toronto,"1990-06-21 08:28:14",4,87,KAPxjNfljfUoyxyMprknnVHqSXMgPokCSgoVvuXkfIUubeqameCdDzfIkkUUoqQVwNEbyMCjRzzSEBTPviFlWdyumbjHlkOeOhlqWMVEVyRSHISPJBdJPQzn
3cc94aea-5a02-4c27-80c1-ff889df02360,Waterloo,Toronto,"2047-11-22 20:34:36",2,87,ZKUqlUlSXDbuJUHgownYmdikvmuoFeXanvguVMfPGfmRHlVliTSbqaHXURCnYAAhoAtcMAnMrPixXinGgxceCyPLSQjcYUdPyRWVmNpnRjPcLpRCGArpEqKn
056aea38-82a4-4030-9c14-ea8ccb500cc2,Toronto,Waterloo,"2002-12-27 02:18:12",3,88,GlwJocrBYFeBHOsqIEagEdpFIVPZMtvfBIifiytcSFwupCYzkYuLISMXotslRzyqbrQlcDshWAIZgsftkCpYpCZZXBPNNIYiNQOwtNTIOclpwOStqgWmgTUn
09c231ea-1d02-4574-a063-f1a94e1bd2ae,Toronto,Waterloo,"1993-04-17 00:44:49",3,88,UemTroUYbYREJienjAxfjyXgAeaTOqLnocehsgKYAsnOWKNgOxINARGskFKckCdUWieNLQzwPjpwQIEmWrpBEXeEzspuWMYBSXZEqWddqwWWRjwzVFhDLVHX
66fc8936-2f26-41af-9870-ac0011aa3e2d,Waterloo,Toronto,"2072-08-21 01:13:46",1,90,DQpSuuQZhQJblsfpyBqQSvkBwPvCLtUjOaKDDgUPyPJiOMiiJoHaMZXqIzLftOAqHgMYSJrawuiTMAzczlNHYQyfINDIiRlTxeYgdoeTqqhytCkZAJvdRTlT
03902042-38b1-4669-b267-1a1455cc9df6,Toronto,Waterloo,"2006-04-17 23:42:23",3,93,XKdSvhLrQPAeFcVkDZxInGkijZUhNdsPjgwPxJYcKLUFHlybyEamEDnvxYtkLxqWHaknjaRGyzkkWSTVyUkNffOkiPPfOOleLvsLloMkXcBHvYPnHKTCUIWK
03a9c84e-5102-45c8-9ac3-69773efc3294,Waterloo,Toronto,"2037-12-31 23:45:28",2,93,odLVANpweauiSNGKgOUXVpumZYVzCEByStOeXuLAPIZrKgGFMkmlanzDnxKUQUSMCjbZItpSiLkZsjEYbBzBqZlMiOxRrAVqUBedQhKOiNFYfhxFhRryRozw
b729f142-51f3-49fc-b4ec-75936e29ea1c,Toronto,Waterloo,"2064-05-11 16:51:37",4,94,lvlPvoqKXiOnvpRhYXilSAYGNGllLIULyAkeSLcYRbKFzzAXrGvNdiZJwxKIJNXVIaTBmHUhNaeKraGpsukPfYoRFNToNMRBAeAdMjhEuUidCTCwavwMVAyX
20e3bdb0-7000-4707-a009-dcfb8eb8fd83,Toronto,Waterloo,"2007-12-07 08:12:42",1,95,XfZQPsbGvbVbitgcoyFZGQQVGKMBBcXSPLcaXIqsUrXFNiEaoDiypsCFpdmDKVaKyjmGFAwYZTtEPzifhaAWeMdqYwEopvrbNPVoGQufbFeyLpCpCyxNvrcZ
7d324d45-4473-4272-86dc-25f03d00665b,Toronto,Waterloo,"1978-12-27 13:57:33",2,95,wYwkZdJpzdDKQXGPwIGygDuidqxLISxEPdTMUAszKyRGTitDwBAdnIrELyJtdPyPmJYMeekXsXuGNlhldfCmGgRGNAbZheeiUwNubTIeSEhhjgyByNtdKmjm
b1998055-6d61-4da6-9425-fe807a2f9f49,Toronto,Waterloo,"2008-06-21 00:28:31",4,96,mkxrfTWUMsgchXvRJoBZOgVEzhIlkYyjqnhutQiXyYnHiKRHZIjothLgZGevJzrlsUyhbXGvDOqKRPoksPsRzTOldLyQvYGJecRUOpDOFOJGitWfIkqmUElx
2c5a197e-728c-4177-8ef9-b8855599dc42,Toronto,Waterloo,"2069-09-16 01:34:22",4,97,kMFnCsWnSFyhtvdRDZFWSGloBcmqTBtHLEtQPsBKQQegfFNKyQcytMqjiffEDlBaRpeWJDNHrrUpSCBQyZOXRFSTuvAHfMcqbLntkgDjIuQBjxLDxguXeYxG
b3d39bd0-0ac2-4ade-aca2-bcd27635a1d9,Toronto,Waterloo,"2019-05-15 23:45:55",2,97,vIZNWKBszJNjSDoSrEkvUKsqcLskibXrxOcoQAkrfVuBNgHKFVvJHqaNtsfNipCcFzOSPfAkTBmgSshazQJjHgnudUrdkjZlAfVpOvUEvNpqIaqTWBndYRWs
ba7e61b1-4faa-4575-bcdb-c95a9f1fd9c0,Toronto,Waterloo,"2048-01-30 00:01:19",3,97,CvVRnQiJEQcsRVrCTIJnsbjvnlnHfKfmAybzHNRLRdIeaLbnUizlFCJpsTmWoqUtygjeFXdkVwQTHoferclbUvwYTUHWYMkaYHSMnLyaDLADZyJmPSZYGTFP
da361a1d-81b5-4be5-ab38-883acc813be3,Waterloo,Toronto,"2061-12-07 18:19:40",1,97,VyWQlnlLmsFNGcjqAjupdPIjYhDGrfQjEyORPlPnaqirNBvmzSzukTCcMcudXVzqAivRIwsDoJaCgfeaZmZErXqqfUSWQCDDgHGGyZPSmbPrsjzdRdxMQSIR
ff7824bd-acf1-4a26-ac20-063869bdc546,Toronto,Waterloo,"2017-09-17 09:41:15",2,97,GFVmQNNyaZWlMAiLzCIMBnaIlTIGwVIeOYlvSlkbZKopSjfxgvHWcrsTJYXWcicsGTgOqkuxBiSlyYmpGlskDgIJBdGwTaXvbPYrBHpyfXLISZnWutVomqCR
3745dbcb-9b7f-4be3-b91c-ffdfe753f50f,Waterloo,Toronto,"2042-01-21 15:50:27",1,98,OGdQNBxMfXvwQendIpvzMkSjnAQbboTgBDIvOksBsfpKxabuaqhbuTBNYmwbyZbUKeKGFNuhHPUwIFNYZSikymCmQmKWJZxIGVCZLUnyLqtmkeMokKJWotAb
0eca0028-47e4-4f7a-828c-6106b85f1f75,Toronto,Waterloo,"2039-06-30 10:17:09",3,99,RxznkMivSjQrBUEeVhFsxIPOZKvvldfzaoOdBBKrATyqUkMgQkJnrSfTGpHJDmnPcKDHxtXCsoqbYYPIqyKXIyiMtHscGGxHzIRHAnIBGpyGURpAFqIWjVzu
74c88d0f-3644-45ec-a986-cb11499ce40c,Waterloo,Toronto,"2005-03-16 17:16:20",1,99,WAwlyAJYWrNypzIjetFPzlkzjTtOLnzqlmCrsINrmbPtVEQIcuNLHCWeuOyCVCLWmpczDVUMMUiJRKhRrpXTWfUpSdteAPtuzrQyXvhyICcQcJSeuhNojzQP
