post_id,pickup_location,dropoff_location,pickup_time,available_seats,price_per_seat,additional_info
026ba38d-0ddb-4c85-834d-4f192baa5d1e,Waterloo,Toronto,"2058-12-28 06:12:09",1,43,iIWiURkeLudmMEyBGNsRrydTOHbjqvrCRMLuwjUgOyecIwHTIkyJzGpIrBoaJEzfprKXpDaGVyLlAmGyCyFCZZMoAsisrwTCVDbIwbnNOJFkwpSUQzqiSpPs
02bfec72-58cf-4c87-9566-e55b8abdd531,Waterloo,Toronto,"1990-06-21 08:28:14",4,87,KAPxjNfljfUoyxyMprknnVHqSXMgPokCSgoVvuXkfIUubeqameCdDzfIkkUUoqQVwNEbyMCjRzzSEBTPviFlWdyumbjHlkOeOhlqWMVEVyRSHISPJBdJPQzn
03a9c84e-5102-45c8-9ac3-69773efc3294,Waterloo,Toronto,"2037-12-31 23:45:28",2,93,odLVANpweauiSNGKgOUXVpumZYVzCEByStOeXuLAPIZrKgGFMkmlanzDnxKUQUSMCjbZItpSiLkZsjEYbBzBqZlMiOxRrAVqUBedQhKOiNFYfhxFhRryRozw
06e693fa-93e7-4dbb-bccd-ac9c352234a1,Waterloo,Toronto,"2005-09-28 23:34:10",4,55,YyIgFpYIjEyZXQsvPLArjXZbaeCYXriwKgrSCPNKWwRybjCXRcTWLoDUkPzvVcEwTcmeoNDJVNAlSvKoEIYLDnaQeqFtlkSnhYjcdQoLOSrhjqwwvXBieKea
0cf21b45-6d37-4a49-a7e7-33b18557cebc,Waterloo,Toronto,"1972-08-23 10:42:15",3,1,YhTYYbqFLHIKeytWRPFCCcSJjTOKnxACrGQgzEcoADtUvnqKyyOlzdyRFsLraqYNCXqMobvGrFkcntfQAhGrqnQRizVCZGGVbcVSliZHSnZCxjCpeGaLaAZf
11f60aed-00f9-4aec-84ca-f03d974055e2,Waterloo,Toronto,"1991-07-01 11:03:03",2,3,eHHYGcBynvHkkXxgFfDUUytglaLdndpDFruVuLkVVqoTnjrdMgHkDmQuhhvAKOVIVwoKIDfzmkYEglatpwBYwACXpfiOwvtKgGHkAHTDsisAapyEpAjRLaMt
11f66ed0-0e0b-4c79-a204-afd0a01dbd3a,Waterloo,Toronto,"2008-02-15 13:51:39",4,84,BqAUoBFsuQYEVineaJSGZdYtlVWJFQUNoVvikVIwMVAiLKLGOnJuLWxJICZJYbfciEMpVXkvRaWBgfefGAaNBqbkyqHtjAIWwQBYDxFQsSPcHtlHjCFwvTil
1e0f765c-3360-415e-b15e-a9d7f9deec12,Waterloo,Toronto,"1994-01-08 09:25:07",4,4,pUhqNOjKhckHuROpfoOYBKJGLKpxCDqCRooLtMlCYFQTDrFjiPldgMFcmpJflysKcUCMuviKYnKduyxvKwzoogvgaQwRMWYMHKZxQxjFoKAGvSPDsSwpLezH
23aaa43a-24a4-43e3-a7eb-fb93ad63d4a4,Waterloo,Toronto,"2063-03-06 01:32:40",3,56,fOKUvxoeKMiQeiDMgksDqEfgmdsfVquGWJCxvEXsbVKBhoTXBbSynTgJfhXkVJEWNFcfTaqeBItOJpZxJFyhliSRGFejTrZbzlrEplUZxdoZQnhcntkHBMWn
26944521-8098-4edd-94ff-f44af9837372,Waterloo,Toronto,"1990-11-10 21:29:01",3,64,qVZAwFJWWjhFcAjvuXEtvlbnVlPyQymrHQFNOplXbaTyGyvFWDhxWlXNENFOdGybTnUoiRFQprvOwszcxugXWaNCnoeqslQJShcVbTlqojsYHabbibWzQJMj
27f35070-23dc-4f2a-89f0-c1f1718f00d2,Waterloo,Toronto,"1992-10-11 10:17:36",2,47,nidsTZiNrugNzbMQhbvniEJWCkVceovVKnSwfhhmKJOYXVpcFwrcixahmHgAcSyGRUYjgFprcBRknJiKSEuGsluxKLeINCGSSkBLkpolOWJqDQhrEBMJYpTT
296f0724-d0d8-4a36-bda8-ad8346914e4f,Waterloo,Toronto,"2070-03-06 08:05:03",3,60,nqCjfjzKEstfJYLyFJQpXYZvWLChZBjRdOQvAVckRgimfIxOeWgbHEltWAFyWxICrZpXzsyicUCnfXimERkdfuFoDxzOYbFVVyMuoKgIwjWhpwoTkejLoCmZ
29dba2e4-dee4-48b9-861f-249ca9acd7af,Waterloo,Toronto,"2008-03-05 20:28:45",1,30,NlykZqRRKeRSzFHzLEgkgJMeCbnrIJWEBFLNPzXlzarvDKUaZqmHcTvDSpbzSUWSHYPnBVPDVsGcgrRKIdxlYteAaZlylrHTilsHJOoKxSMQMljANrLdqrXz
2a45a867-3af5-48d8-acef-b92f3968832c,Waterloo,Toronto,"2031-11-09 21:15:07",1,19,mbfmRoEtmPcuGKjErbRWddULUrKNKDoLJTAhNxbzOmRqHXRtgngsHLhhSRwsSCJpUjhDutbGmUycddVYhHCJbymvsNseEuPDigjWacCfkjCOvBBxXAGIECgZ
2dd3a228-855b-46e6-91a5-7e70d7b569e1,Waterloo,Toronto,"1990-03-17 08:34:37",4,50,OiACvffDjRQFwClvDzkQrgmhxznPDEdpzuNDSbeNiIsvnlGFyNoUkcKBPWSmDQVPvlynYJLaMQxyPzBIzjKwhYqDKCopZQrePLEPmgvOrTAuTPlyYwcfIRaC
3745dbcb-9b7f-4be3-b91c-ffdfe753f50f,Waterloo,Toronto,"2042-01-21 15:50:27",1,98,OGdQNBxMfXvwQendIpvzMkSjnAQbboTgBDIvOksBsfpKxabuaqhbuTBNYmwbyZbUKeKGFNuhHPUwIFNYZSikymCmQmKWJZxIGVCZLUnyLqtmkeMokKJWotAb
3cc94aea-5a02-4c27-80c1-ff889df02360,Waterloo,Toronto,"2047-11-22 20:34:36",2,87,ZKUqlUlSXDbuJUHgownYmdikvmuoFeXanvguVMfPGfmRHlVliTSbqaHXURCnYAAhoAtcMAnMrPixXinGgxceCyPLSQjcYUdPyRWVmNpnRjPcLpRCGArpEqKn
3e762a6b-c78f-4d71-a0da-05d9825bacde,Waterloo,Toronto,"2071-12-14 04:36:19",3,71,tDQyfdthwCLBMNrWhRsILEpwKKMjZUZOQMPIFEIyLpdLcMSuwaKnwqDNqdXPdtlVglLOvqfUAxgvufGXnmOZeGgBahPvGAWxbmnLXOOxorMUKoSKxyDvOejj
46f7910a-9284-4465-b1a7-4ec9a92d614c,Waterloo,Toronto,"1985-10-04 21:17:34",2,23,PMuJciBtsjsMdQHnbAQsLvJBjblZrHzElemYePCUKzbmiqYKvRpuMqBGUvmdCHQUZxxOaWPkeCYaVdcYdHmnNTaVGWVdMyqieMeqORVprEhLynucfZsMgZhl
4d7b9118-a7c7-4b88-9fd2-f9a1911ce03b,Waterloo,Toronto,"2049-08-13 15:35:59",2,3,ZujQXGTdvrpeQuVZWpUThTRMgPCogDmJJbOjkaVSJbxGvfxIcqOEmoorvfLEIvQoDWzaCjLkNynHCsYUyHmClrzteywvrHRpZxTdofSaBcYfImjnymAgXFjC
53cc167d-feb9-4074-a18d-6020aeb2eb31,Waterloo,Toronto,"2009-12-09 10:26:44",4,53,CIjjfVPplQBSCmhHDxliyVicKoTPdSFSVLhIJuIRXPsUSiTJFOWfhmKkntGJIIrJzTenlaHACNIQSCyBTYLHrWNxAkdoHPBHkamaJNopTAHcWfFjDZmYnORA
563674ed-5b25-497b-bd71-9843889fd64d,Waterloo,Toronto,"2003-03-07 19:29:42",1,36,lSaGizeQqfMifsCnkFzWlwsARkvQzvOcZVRUaQKXvWFxVTkYgXyogzuUchEIlfINFtcFZxYXDlQntAbKVZLLOxRMgilejxUBDvpoLHMyNEtsltSpdGKvMIbo
57549f16-36a3-46d2-871b-3e53addbdb14,Waterloo,Toronto,"1983-09-29 07:57:37",4,5,NYERgIQUPbeoJbJsnPROsWRoOmEEBBcOYpxBSvgABzrcuqQgfMXaGfbSJwsljmziHSPUrFxkwclMIGucmQtcJLgPaiczWATlMIkJiyZJbGOeXdYADXMNPAmy
5b41a305-b334-4c3d-a111-c11aac24f7b6,Waterloo,Toronto,"2009-04-25 22:17:01",2,71,omvUAefaIQAUPgSSwiVtrlwcztrRQcSdqUFcafwLeqIFZabxZViJhhrVQcjYAWHuthfrOmqmzybGxEpZcvVMnStPOQMhJPFDViHKGVirkcKTJXSvwCIrrqUD
5f96e7f4-63a2-4f4d-94dd-85a50e9e1a7b,Waterloo,Toronto,"2062-05-28 23:11:57",4,14,saiZOJJOYvpnCiFGuPoABmCWkzAsxSuZFvCTIiMBthfdlxtgrUPAifrMEZdfbYsrIbDzMMqNLULaIglpVDPYKZylWATyWzelYVWlKtwiOJeBOwjnRfJWWfAE
63c0c5b7-58b8-4745-bf1d-b2dc16fdbda9,Waterloo,Toronto,"2051-06-28 21:30:10",1,78,EHjmJljzuTcgrgfrrbJPrUzrJDFNxpAQrumUSKIZCVdgqZHvHOiEpdcDQczVRgvrPlpTZeZiNSfVTxvvbOQBTNJCSphxsdaXULbKMYRVeYTrFOxpHQMPHgjr
647037a8-6a13-4388-9c19-5ce9292a29f4,Waterloo,Toronto,"2067-04-26 23:29:43",3,2,GneNodhmbKvAjHGJvQIGDLWzDeKZqgfMipOQZHTpwUydrqVkvFpvvFitnDNDMBOZAMLHveRLTdHRckDRepqvnSCzQeAxZCNWaRcIILJSasKJYPBDQagRTZyk
66fc8936-2f26-41af-9870-ac0011aa3e2d,Waterloo,Toronto,"2072-08-21 01:13:46",1,90,DQpSuuQZhQJblsfpyBqQSvkBwPvCLtUjOaKDDgUPyPJiOMiiJoHaMZXqIzLftOAqHgMYSJrawuiTMAzczlNHYQyfINDIiRlTxeYgdoeTqqhytCkZAJvdRTlT
6a16ba1c-d4aa-4bfe-91a7-435b8b3aec8c,Waterloo,Toronto,"2064-04-05 19:29:16",3,57,cGXRqsimgDueBdQSOmWPuAGWATIoDAyzxpMpdQQqGOymMaNCVXlaAojRAjNgbpImOvTxaXnkOoZQFcSwwCexTKEOJNQJumFEPrAYObxkRrJaMYJOrTVSoPlr
6da892f8-f7b4-4fc4-b1f2-fa5c148334a6,Waterloo,Toronto,"2016-08-22 05:43:43",2,62,lDSIJiTFnKgRxqVEIZRuYTgmyzhvMhKjokbBnShDzyYSaExeWGsrmJwKVjCvwpaxibVocREKUFzwQHHtPfNygtJFMiAsTKteSsplOqtSHwGaKjFlHPpVOdPh
74c88d0f-3644-45ec-a986-cb11499ce40c,Waterloo,Toronto,"2005-03-16 17:16:20",1,99,WAwlyAJYWrNypzIjetFPzlkzjTtOLnzqlmCrsINrmbPtVEQIcuNLHCWeuOyCVCLWmpczDVUMMUiJRKhRrpXTWfUpSdteAPtuzrQyXvhyICcQcJSeuhNojzQP
7a1bae07-927d-4567-84b0-c89f463f2e87,Waterloo,Toronto,"2009-06-15 13:04:08",2,8,vOnyVxoynXMCDxQUxnpEQegrBPsMTOapBxUVYOOcpWOXmiCYVXanhfXuhWrxebqqgaMtQWCxPAyIXTNdzWDHFTwRcynhBRbADeXQmPIahHvycDdwXwCkSkYp
7a4e177e-9993-4a4a-83db-36a0a6998f2b,Waterloo,Toronto,"2068-01-05 09:53:43",4,47,nuUHSsSfmuyYksVJPpfogMlljfRKlyCoNcEoAYDzzGVssrSQpIlezLbvbtDiFoZRyJmfjhbdUGTYKVfPNjOroiAzFFCyKDWtxWimpLtfaWfZvHHIvUYAMbng
7b3d1246-c305-4318-b7a1-641f7931639d,Waterloo,Toronto,"1979-08-05 07:29:09",1,58,XWZdOLgBXwWVSSYsXkYdZRQUfZCMwlElnZEJkUDdgEMuOsVEKesTSGPcaGefKXDzUtGnTOozvjKMQdwiYqZTIZGPLTWhUyarMofKmpMAJqhHOccGxllTymFC
86fa373e-9318-4356-a2ef-b4e62846ec35,Waterloo,Toronto,"2015-07-28 21:30:37",1,28,InoSbEZdtSKcsWiALLFuUDAmWaKaEgNXPPepQrHxIebhnRJpBHlvRfRWuXTFxVqTcdubsZDwqcGPEBzrAiKgdsbfqlNrwFcQYAFHiIzcGWYHPdEfPiRESVjm
8de0f2d1-13ee-4ebf-9ebc-73b9b0775e95,Waterloo,Toronto,"2049-10-08 13:19:14",1,22,WHThPsORdTdCyMxDNbsecbtznlGsRqSGeqRTVbriYRgHvOsmdHmXBcHxsyJGGJCvRNuNTHIuzxibJvrxXUFxLKDYfBqzriNDyleIFEZLXCleSLkvzkSTnpap
8e45f3c1-5391-435a-b097-34f617c30de6,Waterloo,Toronto,"2043-03-12 04:52:08",4,71,TZpaSPsDytLMCdfmaOAbaVLWssiXJLquvLKRciicyqIOjkNXwgAjPjhpHFKuUpUbZWiSnLCitNyQjLKyOdBQZsmrUctNdhETrnNgtBDtMBLwtoNKeuQfDKyW
98c424d3-d8a1-4fae-8db5-287317c41c77,Waterloo,Toronto,"2072-11-30 20:50:52",1,81,QadaeTHECawRBvjHpGDkmLdkQakBGWSNNHHLezOGJSvVExTkHFVVOixYhzQCKkidkiOPBcAweVOnobRxFGUAjoTxNSUOodjlYbpaMiIyIqyYndymJlMUrTOj
9af286de-7a14-44f7-8a3e-916b17aa1591,Waterloo,Toronto,"2032-08-19 18:14:11",4,7,dugheFAKpxcwviBjMDcVmoSdVRhGMPuZjzEhtNUVwKWfffUDnoLErJcXvqRDzIoBaGAiJAAsyAAdJMbRIQSIwIvgadTVxJZpInsFUjUPCFxbSizmBbEmTVdN
a09732fc-dc39-4664-b846-e155af8676f9,Waterloo,Toronto,"1984-12-20 11:18:30",4,53,GwpqWUaxgyjDMinCfuEXgmHJEXUjFnjNoyUxtYeidmZAxylRdTATBlYMnLwnNdxjChNsCHxGseBuCkaRduZJzRNNNCWikKdrLirusbAYkbqqtootRWIPWDBJ
a2ac0b7f-5fdd-4514-b30d-7e4de8389353,Waterloo,Toronto,"2062-09-11 03:17:14",3,63,jaLmCXpvtciNhKHYMmmQVFLrxieFsKbhwnyxySMNCgDwfYmuxvHjzkyZyxNttxEydzQWMITsVMtqgWbWRTUuUKHeYfWYVJMWSAfbQfwdUSzHOISfhsPxzSCK
a3f54ff1-75cc-4283-9520-95bb68dbe5d6,Waterloo,Toronto,"2012-09-14 17:34:43",2,64,chSqThOITokpipbmhpFXEffDNdBMEyxNvPrWpvpPBnQabsrCzhJakisbZpMMBSiqlRSEQTnclxffYkRzPOlepjHXMiYpzuYlxOhQyifMxlbglMhfugJEFStn
a438c9e5-e331-4638-9e23-688e2c28b191,Waterloo,Toronto,"2040-06-13 02:21:14",3,16,oHmiHsXjCODNaRkrBoCSskoKzFWzWRhDuyaPooJsPAxCbqFjSSBLIQOFfXCZcQZYoNQCCaTqlFKMTZTnvFgdzrZAIbEWszSetycYjwibhSPhYsMKWDdfBODw
a7a6e1ab-d360-4f4a-9026-5eea0a37167a,Waterloo,Toronto,"1988-10-17 20:40:11",1,9,COScXDFCpojyDnVEAYekqQsTXNMIxJFBEfBlIXNZfEITHXpgBHNvjdAmqzjnpDEXftCzMHyfscGOPesNTMSQIbOSrIpbIbUzMAHZLKCkfGaGGFAZEGDkcUoE
ae2e3740-ee3d-4901-81f8-5ce7c2d3b409,Waterloo,Toronto,"1986-05-27 14:51:39",1,50,gijmPesmUmlXmCnJvezeyQCXMdTZusibXRpqIxFikyKHRfnQSoMMEAZojXSGFHLFveogtLZPdLGLIvOIxVdStNerNCltrxRDwiWizDprsydlaBshVFKYuyei
b15f1d06-13f0-43e9-af18-d3c3100067a5,Waterloo,Toronto,"2042-04-22 18:56:21",3,74,PTtMWXmKBkvBMNoxwCAHULCAFBuoWFTFDVTsLMIhPPEfXJKiqwdzvGCjZzikJxRONtnyZCCiXLjHtgJvAxwLXkfUDbMjrGrLCUtmirDxWvFodqeaaIfIjeot
b335066a-89b0-49a6-b74a-1616430bec4b,Waterloo,Toronto,"2070-11-24 14:03:02",1,24,aBtLiOfPrZRxpmASBfEWZULxwsbuOlasXTIysuWHCPigojgWPAfqTZNLQjpZVWPMjXHApXcuraQzlGGtLtGcdLnLApHNlAnrCdxmmxNXULIfwkappEjJnKyq
b34a21a4-b265-42d4-a2c6-8059658196d5,Waterloo,Toronto,"2028-06-25 07:28:35",3,22,dJZgEXbCzpzErwLCdLKYJVNHhwuPETzGaOHgJybInOHAhGCLAUTBFMhGspKgOXPqInhYrPrDjGDcmxMujJtcigZSkvTNdQQOVxQyFNaIGPMmqbNvkpodKiyl
b6eae3f3-a675-4b5c-9b10-65c6ec630a1a,Waterloo,Toronto,"1997-10-02 10:59:49",1,65,wOmkilpXGKLPQgtCMsOFRzSMhqsNduGRYWkPbVuLHEblBMnqwMSEnFqSxIriJzaQLJCUYxLTxWJoChHbGPOGwBnChdcjpKFKaudhsgkVwfXgKMWcJmXPPMfb
b90f8b2f-78b7-483a-adfa-3ac4a18e5c26,Waterloo,Toronto,"2054-04-13 17:48:05",1,80,QljtQpVbCoKmLGuQIsfdEekjnuVrQrmAbBhfyqfjyVwmhPCVNQMKaDexEPIoSgdoOtZnacWDOLtDrZdbhIZjkEqmIKFXxFNRmCAcqCDLSPrpOwpEOYRzBPch
bb43e4e8-cb6c-496c-8ec1-757e3c9a1fa9,Waterloo,Toronto,"2063-09-08 14:23:20",1,31,SaJepwBnXrOmMHShrlQVswyLdQMGbNzLJgSkPuOBHGiMULYCwmIMaXmOrZIlkxqRjbXJuXcFepvrBBQuZoHxIbvHnbOydlgoMsLMEsFXfkbEALYbUvfoyQsC
bc4543f3-5021-4162-becb-87177412287f,Waterloo,Toronto,"1978-02-05 02:48:06",4,44,kggcDdqkTzcTwaRKInMPAoZQgTdXeZlUIyGRfpXMJLMAfsYSRvbycHYEUgMsYqbsVniujTQsuWMuQbVPCuphgULyCqznjBDzTPwQMdpQddBCkRPXONNcilWZ
c2d264d5-82dd-455f-920b-8a8d5350f31d,Waterloo,Toronto,"2025-08-07 15:24:18",4,70,DBQsqJlzRmEjIMTrEhVkvFPMmTSXAAvzfJiCQcGhxoPzMicfzGVqbIDxevDMkVeslelWnYXqxHhPkZJiEFovJiSmGPPQfLvfbDErwlVnEvZqAWworWIxkfnx
c5041ead-3952-4830-ab36-9be20c0f8ca9,Waterloo,Toronto,"2058-01-12 09:21:40",4,71,lJkaAPuYScKgHNQdUEkLRLicydyWHlFQjGDwsQDmxRARPtBMhgvEXVjcnVOzNEXKEqbTsoasXlESEotajLoFYDRTeYqJNhJcrKlgtXDSOaEauokQLpnfeMTj
c5bf15ef-63d1-44e8-b6c6-fa7607babd6b,Waterloo,Toronto,"1997-03-01 06:42:44",1,79,BSAwIJrRrALRMQplZmrDDimeCQNLwnrKCkddeAqVEOpcMDrMNSUrEtYqDGyUXmBclTKdsMkmSMFotkmedsjKQfoLnVkKgkmlMTOQnlSURxBGYwAOBLifQlZy
c91e25a3-428c-4130-adb6-917ba015276d,Waterloo,Toronto,"2015-05-21 06:15:51",4,58,uFkrwXDfddjxlPmIrVjPxUbSyCcjWfqsYzZKqnvktgsIiPGBhUTNcxnBeedmsDYLBfcBGFdgSZvtyQJublVpQCBoTZmAXcixbcZwPfFvCosvCZcBmYeJexkH
cbe32a0f-4d79-4f73-b823-4514e15887f2,Waterloo,Toronto,"2060-01-22 23:01:26",2,73,derJouMnXkkxuswqCSgkuYwBlaUgaWXMcpMNiMXbKOGgCZvxztkzYwXfUMZQnrPyCiKhYCHjwYdWrhyBikMGalKipDpWzNMMBdLjaFtnPtWENvjlrCRlFEeS
d6a8d321-619f-41ad-8ba0-735204ebe764,Waterloo,Toronto,"2040-08-16 03:32:44",1,46,QSdVMSrvqAqVkrWnXEETTIzzqSDJkBRrLNiEOnLDAnZJYigqQXExPztlYeyoorJTCWFfpKpeyfvlNGRAyEufjPcuxDgvLUlGQUBJjoyehNGcIUvQQyPVuJIS
d6ef83ca-3fb6-416a-93a7-bde9f28f285e,Waterloo,Toronto,"2010-03-09 15:37:48",1,75,pdiISTUASdfkRTYpWhyYayFfWEIBofuRbREPEqoaxeudXBbiOWBmyDcwdTNSzZynCsemsqoUdkWPdYnISOLVeQzqjIqLvwoqilYMgiXMvrJGTXmpKQiNbvqy
d9c5c7c1-d54e-46eb-9886-10ba10dd9285,Waterloo,Toronto,"2024-08-01 04:14:26",3,62,gslgVJSYJjAOOvqhfrlGJauHikICgHFQLOewEVhwpantVxgbqTpIXXQrxZedWdXuwjNFuAseoiCAMQNkCyqoCnREZbenXadwnhcPXQldrtVZqCAvoDmrPjVo
da361a1d-81b5-4be5-ab38-883acc813be3,Waterloo,Toronto,"2061-12-07 18:19:40",1,97,VyWQlnlLmsFNGcjqAjupdPIjYhDGrfQjEyORPlPnaqirNBvmzSzukTCcMcudXVzqAivRIwsDoJaCgfeaZmZErXqqfUSWQCDDgHGGyZPSmbPrsjzdRdxMQSIR
dafc8811-32b6-457a-b57c-f440e8eac13a,Waterloo,Toronto,"2063-04-13 14:12:16",3,72,kXpIyNqjQGJdUCrqjlZiPdrSzlHeNGlvvmmprusxnoEoezQPicoujoVmknhQrXsAXSEJGrTkXlAcbMGQDkHJuPOssYhbYCJUCvguBrszsROsGQwNWFloIYra
e56105f9-e733-4407-9bd2-d27451725c20,Waterloo,Toronto,"2063-07-17 01:46:31",4,9,xVxwhAdBRHJDgLdzWGYeRzexHSRQxgxldnDCPsPPdUDvONHskZVaQDOghFGhxBFMFRNOKuDevAjPnTEndxxfgjzoOyoqjSROAvmEVGlOeehiyXplFALyGDxc
ef8ffb88-bb35-4db1-97af-9c046cb6565e,Waterloo,Toronto,"1996-03-15 14:43:51",4,18,hReKGgQDkzSmtYvmGkivXRSixRxnFlrpUrKLwRMKdxmkQtEWbItqHRUXsjLwtkQsQjkcAhcAiKCbCggEwarlWntBAifUHXXyQqoddeRHWdyAebofygXIioon
efad0600-be5e-4e45-9587-a3e50ae1abbd,Waterloo,Toronto,"2028-03-05 22:48:27",1,81,CVBMjjBsYXAoTnzHdNzZkkVhRSduFOaniFmKtwpYJcplxgCcbhcGIZaXDxEVKTeJJzJBBaHgLwlioJrRKyQBMxwItLhgaOCsYmaDhzrcGwApPZJcFajYWssW
